Date,Name,URLSafeNames,Year,Rating,Letterboxd URI
12/12/2015,Star Wars,ANewHope,1977,4,https://boxd.it/72s
12/12/2015,The Empire Strikes Back,TheEmpireStrikesBack,1980,4.5,https://boxd.it/27Vw
12/12/2015,Return of the Jedi,ReturnoftheJedi,1983,4,https://boxd.it/27Vm
12/12/2015,Sicario,Sicario,2015,4.5,https://boxd.it/8i7u
12/12/2015,The Martian,TheMartian,2015,4,https://boxd.it/8SeG
12/12/2015,Inside Out,InsideOut,2015,4.5,https://boxd.it/4KHC
12/12/2015,Ex Machina,ExMachina,2015,3.5,https://boxd.it/7T2k
12/13/2015,The Hunger Games: Mockingjay Part 2,TheHungerGamesMockingjayPart2,2015,3.5,https://boxd.it/4hk0
12/13/2015,Ant-Man,AntMan,2015,3.5,https://boxd.it/3vmW
12/13/2015,Spectre,Spectre,2015,3,https://boxd.it/6bXY
12/13/2015,The Shining,TheShining,1980,4.5,https://boxd.it/29Nu
12/13/2015,Pulp Fiction,PulpFiction,1994,5,https://boxd.it/29Pq
12/13/2015,Se7en,Se7en,1995,5,https://boxd.it/29zs
12/13/2015,Reservoir Dogs,ReservoirDogs,1992,3.5,https://boxd.it/2agc
12/13/2015,The Matrix,TheMatrix,1999,5,https://boxd.it/2a1m
12/13/2015,The Silence of the Lambs,TheSilenceoftheLambs,1991,4,https://boxd.it/2aHW
12/13/2015,American Beauty,AmericanBeauty,1999,4.5,https://boxd.it/71Y
12/13/2015,Schindler's List,SchindlersList,1993,5,https://boxd.it/2aq2
12/13/2015,Kill Bill: Vol. 1,KillBill,2003,4,https://boxd.it/70w
12/13/2015,Memento,Memento,2000,4.5,https://boxd.it/2bcK
12/13/2015,Children of Men,ChildrenofMen,2006,4.5,https://boxd.it/1Y2i
12/13/2015,Requiem for a Dream,RequiemforaDream,2000,4.5,https://boxd.it/29VI
12/13/2015,The Incredibles,TheIncredibles,2004,5,https://boxd.it/1XLm
12/13/2015,Brokeback Mountain,BrokebackMountain,2005,4.5,https://boxd.it/2b2q
12/13/2015,Birdman or (The Unexpected Virtue of Ignorance),BirdmanorTheUnexpectedVirtueofIgnorance,2014,5,https://boxd.it/5RFA
12/13/2015,Gone Girl,GoneGirl,2014,4.5,https://boxd.it/6hQu
12/13/2015,Django Unchained,DjangoUnchained,2012,4.5,https://boxd.it/2cCk
12/13/2015,Sin City,SinCity,2005,4,https://boxd.it/2aVk
12/13/2015,Moneyball,Moneyball,2011,4,https://boxd.it/glS
12/13/2015,Nightcrawler,Nightcrawler,2014,4,https://boxd.it/780m
12/13/2015,The Avengers,TheAvengers,2012,4,https://boxd.it/1xFW
12/13/2015,Avengers: Age of Ultron,AvengersAgeofUltron,2015,3.5,https://boxd.it/3qi6
12/13/2015,Need for Speed,NeedforSpeed,2014,2,https://boxd.it/4p90
12/13/2015,Jurassic Park,JurassicPark,1993,4,https://boxd.it/2aA2
12/13/2015,Shame,Shame,2011,4,https://boxd.it/2CxU
12/13/2015,Interstellar,Interstellar,2014,4,https://boxd.it/4VZ8
12/13/2015,Batman Begins,BatmanBegins,2005,4,https://boxd.it/2aIg
12/13/2015,The Wolf of Wall Street,TheWolfofWallStreet,2013,4.5,https://boxd.it/3C1m
12/13/2015,127 Hours,OneHundredAndTwentySevenHours,2010,4,https://boxd.it/SLa
12/13/2015,Slumdog Millionaire,SlumdogMillionaire,2008,4,https://boxd.it/1S3E
12/13/2015,Cars,Cars,2006,4,https://boxd.it/29ho
12/13/2015,Captain Phillips,CaptainPhillips,2013,4,https://boxd.it/3GPK
12/13/2015,The Green Mile,TheGreenMile,1999,4.5,https://boxd.it/2agG
12/13/2015,The Da Vinci Code,TheDaVinciCode,2006,2.5,https://boxd.it/2a3i
12/13/2015,The Hunt,TheHunt,2012,4.5,https://boxd.it/3wEC
12/13/2015,The Hunger Games,TheHungerGames,2012,3.5,https://boxd.it/2uds
12/13/2015,Argo,Argo,2012,4.5,https://boxd.it/2czU
12/13/2015,21 Jump Street,TwentyOneJumpStreet2012,2012,4,https://boxd.it/J0
12/13/2015,This Means War,ThisMeansWar,2012,2,https://boxd.it/hba
12/13/2015,Gravity,Gravity,2013,3.5,https://boxd.it/GZY
12/13/2015,American Hustle,AmericanHustle,2013,3.5,https://boxd.it/5dz8
12/13/2015,Pacific Rim,PacificRim,2013,4,https://boxd.it/2cB2
12/13/2015,Iron Man 3,IronMan3,2013,3.5,https://boxd.it/2cBQ
12/13/2015,Frozen,Frozen,2013,4,https://boxd.it/3GNa
12/13/2015,Dallas Buyers Club,DallasBuyersClub,2013,4.5,https://boxd.it/4O8G
12/13/2015,The Hobbit: The Desolation of Smaug,TheHobbitTheDesolationofSmaug,2013,4,https://boxd.it/nmS
12/13/2015,The Great Gatsby,TheGreatGatsby,2013,2.5,https://boxd.it/JY
12/13/2015,Guardians of the Galaxy,GuardiansoftheGalaxy,2014,4,https://boxd.it/3VH2
12/13/2015,Boyhood,Boyhood,2014,3,https://boxd.it/3178
12/13/2015,Captain America: The Winter Soldier,CaptainAmericaTheWinterSoldier,2014,4.5,https://boxd.it/3r58
12/13/2015,Edge of Tomorrow,EdgeofTomorrow,2014,4,https://boxd.it/4pD0
12/13/2015,The Imitation Game,TheImitationGame,2014,4.5,https://boxd.it/6aig
12/13/2015,Still Alice,StillAlice,2014,4,https://boxd.it/8Nhq
12/13/2015,The Gift,TheGift,2015,4,https://boxd.it/aJMy
12/13/2015,Spy,Spy,2015,4,https://boxd.it/71Ks
12/13/2015,Mystic River,MysticRiver,2003,4,https://boxd.it/2aAG
12/13/2015,Finding Nemo,FindingNemo,2003,4,https://boxd.it/72i
12/13/2015,The Pianist,ThePianist,2002,4.5,https://boxd.it/2aqc
12/13/2015,Life Is Beautiful,LifeIsBeautiful,1997,3,https://boxd.it/29Wm
12/13/2015,Donnie Brasco,DonnieBrasco,1997,3.5,https://boxd.it/1YRA
12/17/2015,Star Wars: The Force Awakens,StarWarsTheForceAwakens,2015,4.5,https://boxd.it/4vru
12/18/2015,Battleship,Battleship,2012,1,https://boxd.it/QZ0
12/18/2015,Zombeavers,Zombeavers,2014,1.5,https://boxd.it/7tKg
12/22/2015,Kingsman: The Secret Service,KingsmanTheSecretService,2014,4,https://boxd.it/6dxe
12/25/2015,Escape from Alcatraz,EscapefromAlcatraz,1979,4,https://boxd.it/1Vwk
12/28/2015,Carol,Carol,2015,4,https://boxd.it/7DPK
12/30/2015,My Neighbor Totoro,MyNeighborTotoro,1988,4,https://boxd.it/20eA
1/2/2016,Yes Man,YesMan,2008,3,https://boxd.it/1WPW
1/2/2016,Bridge of Spies,BridgeofSpies,2015,4,https://boxd.it/9n9C
1/3/2016,Iron Sky,IronSky,2012,1.5,https://boxd.it/1VEI
1/4/2016,The Devil Wears Prada,TheDevilWearsPrada,2006,3.5,https://boxd.it/2awE
1/5/2016,50/50,FiftyFifty2011,2011,3.5,https://boxd.it/10Tw
1/6/2016,The Dark Knight Rises,TheDarkKnightRises,2012,4,https://boxd.it/H3m
1/11/2016,The Hateful Eight,TheHatefulEight,2015,4.5,https://boxd.it/8gw8
1/13/2016,The Departed,TheDeparted,2006,4,https://boxd.it/28MA
1/14/2016,Rust and Bone,RustandBone,2012,4,https://boxd.it/3mDE
1/17/2016,To Kill a Mockingbird,ToKillaMockingbird,1962,4,https://boxd.it/2a2E
1/20/2016,A Dangerous Method,ADangerousMethod,2011,3.5,https://boxd.it/IYo
1/29/2016,Cobain: Montage of Heck,CobainMontageofHeck,2015,4,https://boxd.it/akuY
2/2/2016,Lazer Team,LazerTeam,2015,2.5,https://boxd.it/8wHG
2/8/2016,Catch Me If You Can,CatchMeIfYouCan,2002,4,https://boxd.it/29VS
2/12/2016,Big Hero 6,BigHero6,2014,4,https://boxd.it/5rje
2/21/2016,Deadpool,Deadpool,2016,3.5,https://boxd.it/9fOC
2/24/2016,Rear Window,RearWindow,1954,4.5,https://boxd.it/2a6Q
2/24/2016,Vertigo,Vertigo,1958,5,https://boxd.it/2apI
2/25/2016,Hitchcock/Truffaut,HitchcockTruffaut,2015,3.5,https://boxd.it/biqi
3/2/2016,Roma,Roma1972,1972,4.5,https://boxd.it/1UNO
3/17/2016,The Swan Princess,TheSwanPrincess,1994,2.5,https://boxd.it/1AlK
3/26/2016,How to Train Your Dragon,HowtoTrainYourDragon,2010,4,https://boxd.it/1WRy
3/26/2016,How to Train Your Dragon 2,HowtoTrainYourDragon2,2014,4.5,https://boxd.it/2TRW
3/30/2016,Amour,Amour,2012,4.5,https://boxd.it/34Q6
4/1/2016,Dogma,Dogma,1999,3.5,https://boxd.it/284e
4/9/2016,American History X,AmericanHistoryX,1998,4,https://boxd.it/2bdo
4/14/2016,The Breakfast Club,TheBreakfastClub,1985,4,https://boxd.it/27q4
4/23/2016,Shaun of the Dead,ShaunoftheDead,2004,4.5,https://boxd.it/29J8
4/30/2016,The Grand Budapest Hotel,TheGrandBudapestHotel,2014,4.5,https://boxd.it/3ZqO
5/1/2016,The Jungle Book,TheJungleBook,2016,3,https://boxd.it/8wjk
5/2/2016,The Wizard of Oz,TheWizardofOz,1939,4,https://boxd.it/29Xu
5/3/2016,The Maltese Falcon,TheMalteseFalcon,1941,4,https://boxd.it/29c4
5/5/2016,12 Angry Men,TwelveAngryMen,1957,5,https://boxd.it/2auI
5/6/2016,Ratchet & Clank,RatchetAndClank2016,2016,1,https://boxd.it/6Tig
5/7/2016,Casablanca,Casablanca,1942,4.5,https://boxd.it/2aG0
5/8/2016,On the Waterfront,OntheWaterfront,1954,4,https://boxd.it/29TC
5/10/2016,Captain America: Civil War,CaptainAmericaCivilWar,2016,3.5,https://boxd.it/89Ja
5/11/2016,Dial M for Murder,DialMforMurder,1954,3.5,https://boxd.it/2adW
5/12/2016,All About Eve,AllAboutEve,1950,4.5,https://boxd.it/29LI
5/12/2016,Breakfast at Tiffany's,BreakfastatTiffanys,1961,3,https://boxd.it/2aYS
5/14/2016,Cat on a Hot Tin Roof,CatonaHotTinRoof,1958,2.5,https://boxd.it/2aK2
5/14/2016,It's a Wonderful Life,ItsaWonderfulLife,1946,4,https://boxd.it/28xA
5/18/2016,Psycho,Psycho,1960,4.5,https://boxd.it/2ab2
5/20/2016,The Bridge on the River Kwai,TheBridgeontheRiverKwai,1957,4.5,https://boxd.it/29wo
5/24/2016,A Streetcar Named Desire,AStreetcarNamedDesire,1951,4,https://boxd.it/29Mc
5/24/2016,The Seven Year Itch,TheSevenYearItch,1955,2.5,https://boxd.it/1VIK
5/28/2016,Citizen Kane,CitizenKane,1941,4.5,https://boxd.it/71O
6/11/2016,Warcraft,Warcraft,2016,1.5,https://boxd.it/2czK
6/13/2016,Elle,Elle,2016,3.5,https://boxd.it/bdhq
6/16/2016,The Nice Guys,TheNiceGuys,2016,3,https://boxd.it/94Hg
6/16/2016,The Wave,TheWave,2015,3,https://boxd.it/baoo
6/26/2016,Jane Eyre,JaneEyre,2011,3.5,https://boxd.it/15rs
6/28/2016,Finding Dory,FindingDory,2016,3.5,https://boxd.it/4aAA
7/11/2016,Frank,Frank,2014,4,https://boxd.it/5hII
7/14/2016,Ghostbusters,Ghostbusters,2016,2,https://boxd.it/Vm8
7/17/2016,Straight Outta Compton,StraightOuttaCompton,2015,3.5,https://boxd.it/8rMc
7/18/2016,Rush,Rush,2013,4,https://boxd.it/3lyS
7/18/2016,Neighbors 2: Sorority Rising,Neighbors2SororityRising,2016,2.5,https://boxd.it/aA80
7/19/2016,Jaws,Jaws,1975,4.5,https://boxd.it/2a5e
7/25/2016,Now You See Me 2,NowYouSeeMe2,2016,2,https://boxd.it/99fw
7/28/2016,From Dusk Till Dawn,FromDuskTillDawn,1996,2,https://boxd.it/29HQ
7/31/2016,The Bourne Identity,TheBourneIdentity,2002,3,https://boxd.it/26EO
7/31/2016,The Bourne Supremacy,TheBourneSupremacy,2004,3,https://boxd.it/26EE
7/31/2016,A Single Man,ASingleMan,2009,4.5,https://boxd.it/1dx4
8/15/2016,Raging Bull,RagingBull,1980,4,https://boxd.it/28yI
8/24/2016,The Bourne Ultimatum,TheBourneUltimatum,2007,4,https://boxd.it/26Eu
8/24/2016,Jason Bourne,JasonBourne,2016,2.5,https://boxd.it/ayYy
9/4/2016,War Dogs,WarDogs,2016,1.5,https://boxd.it/9SlO
9/8/2016,City of God,CityofGod,2002,4.5,https://boxd.it/2a2a
9/11/2016,Monster,Monster,2003,3,https://boxd.it/2afy
9/13/2016,Taxi Driver,TaxiDriver,1976,5,https://boxd.it/2b8y
9/14/2016,The Exorcist,TheExorcist,1973,4,https://boxd.it/1Yoo
9/22/2016,Groundhog Day,GroundhogDay,1993,4,https://boxd.it/2b3e
10/5/2016,Hell or High Water,HellorHighWater,2016,4,https://boxd.it/bfGM
10/5/2016,The Light Between Oceans,TheLightBetweenOceans,2016,2.5,https://boxd.it/8Lf8
10/5/2016,Waterboys,Waterboys,2016,3,https://boxd.it/evAm
10/5/2016,Snowden,Snowden,2016,2,https://boxd.it/9CWO
10/14/2016,Inferno,Inferno,2016,1.5,https://boxd.it/6dMS
10/22/2016,Wild Strawberries,WildStrawberries,1957,4,https://boxd.it/29ZU
10/29/2016,Captain Fantastic,CaptainFantastic,2016,4,https://boxd.it/b2K2
11/2/2016,Doctor Strange,DoctorStrange,2016,3.5,https://boxd.it/8MH8
11/4/2016,Before the Flood,BeforetheFlood,2016,3.5,https://boxd.it/et2W
11/6/2016,Lo and Behold: Reveries of the Connected World,LoandBeholdReveriesoftheConnectedWorld,2016,3,https://boxd.it/cfuo
11/9/2016,Citizenfour,Citizenfour,2014,4,https://boxd.it/9eSe
11/12/2016,12 Years a Slave,TwelveYearsASlave,2013,4,https://boxd.it/2D2e
11/12/2016,Bad Ass,BadAss,2012,2,https://boxd.it/3hPA
11/17/2016,Toni Erdmann,ToniErdmann,2016,4,https://boxd.it/d0xu
11/25/2016,Hardcore Henry,HardcoreHenry,2015,1.5,https://boxd.it/aAIM
11/25/2016,The Big Lebowski,TheBigLebowski,1998,4,https://boxd.it/2b6C
11/25/2016,Oldboy,Oldboy,2003,4.5,https://boxd.it/29R2
12/1/2016,Jesus Camp,JesusCamp,2006,3,https://boxd.it/28ac
12/4/2016,Fantastic Beasts and Where to Find Them,FantasticBeastsandWheretoFindThem,2016,2,https://boxd.it/7FPC
12/7/2016,Bo Burnham: Make Happy,BoBurnhamMakeHappy,2016,3.5,https://boxd.it/e436
12/7/2016,2001: A Space Odyssey,TwoThousandOneASpaceOdyssey,1968,5,https://boxd.it/2bf0
12/10/2016,Fear and Loathing in Las Vegas,FearandLoathinginLasVegas,1998,4,https://boxd.it/27Xs
12/10/2016,Whiplash,Whiplash,2014,4,https://boxd.it/7bQA
12/19/2016,Rogue One: A Star Wars Story,RogueOneAStarWarsStory,2016,3.5,https://boxd.it/aPvy
12/23/2016,Tickled,Tickled,2016,4,https://boxd.it/cWEG
12/28/2016,13th,Thirteenth,2016,4,https://boxd.it/elNg
12/28/2016,Assassin's Creed,AssassinsCreed,2016,2.5,https://boxd.it/41IK
12/28/2016,McCullin,McCullin,2012,3.5,https://boxd.it/4Lza
12/31/2016,Inception,Inception,2010,3.5,https://boxd.it/1skk
1/3/2017,The Great Escape,TheGreatEscape,1963,3,https://boxd.it/22kA
1/3/2017,Snitch,Snitch,2013,2.5,https://boxd.it/4lvQ
1/3/2017,Hacksaw Ridge,HacksawRidge,2016,3.5,https://boxd.it/azew
1/3/2017,Making a Murderer,MakingaMurderer,2015,3.5,https://boxd.it/i9Ta
1/4/2017,"Fat, Sick & Nearly Dead",FatSickNearlyDead,2010,2,https://boxd.it/2ncs
1/7/2017,Punch-Drunk Love,PunchDrunkLove,2002,4.5,https://boxd.it/20E4
1/8/2017,Rosemary's Baby,RosemarysBaby,1968,4,https://boxd.it/29zM
1/9/2017,The Hobbit: An Unexpected Journey,TheHobbitAnUnexpectedJourney,2012,2,https://boxd.it/GZk
1/9/2017,The Lobster,TheLobster,2015,3.5,https://boxd.it/7tnw
2/6/2017,Jackie,Jackie,2016,3.5,https://boxd.it/d6bu
2/6/2017,Their Finest,TheirFinest,2016,2.5,https://boxd.it/bjl4
2/6/2017,My Blind Date with Life,MyBlindDatewithLife,2017,1.5,https://boxd.it/dbu2
2/6/2017,Hidden Figures,HiddenFigures,2016,3,https://boxd.it/dgS4
2/6/2017,Gold,Gold,2016,2,https://boxd.it/b2IK
2/12/2017,Gattaca,Gattaca,1997,2.5,https://boxd.it/29Du
2/13/2017,Blade Runner,BladeRunner,1982,4,https://boxd.it/2bcA
2/15/2017,Eternal Sunshine of the Spotless Mind,EternalSunshineoftheSpotlessMind,2004,4.5,https://boxd.it/6YK
2/20/2017,Persona,Persona,1966,4.5,https://boxd.it/29B4
2/20/2017,The Piano Teacher,ThePianoTeacher,2001,4.5,https://boxd.it/2886
2/22/2017,Moonlight,Moonlight,2016,4,https://boxd.it/d6bE
3/3/2017,Manchester by the Sea,ManchesterbytheSea,2016,3.5,https://boxd.it/b2L0
3/6/2017,John Wick: Chapter 2,JohnWickChapter2,2017,4,https://boxd.it/ayGu
3/6/2017,Alien,Alien,1979,4.5,https://boxd.it/2awY
3/7/2017,The Fear of 13,TheFearof13,2015,3,https://boxd.it/cIGI
3/12/2017,No Country for Old Men,NoCountryforOldMen,2007,4.5,https://boxd.it/21ew
3/20/2017,Patriots Day,PatriotsDay,2016,2,https://boxd.it/dyo2
3/24/2017,Amy Schumer: The Leather Special,AmySchumerTheLeatherSpecial,2017,1.5,https://boxd.it/fOOE
3/26/2017,There Will Be Blood,ThereWillBeBlood,2007,5,https://boxd.it/20Z2
3/26/2017,My Super Ex-Girlfriend,MySuperExGirlfriend,2006,2,https://boxd.it/24hI
3/30/2017,Twin Peaks,TwinPeaks,1989,4,https://boxd.it/g8pk
4/1/2017,Fences,Fences,2016,3,https://boxd.it/dL6A
4/5/2017,Logan,Logan,2017,3,https://boxd.it/7Piy
4/11/2017,Boogie Nights,BoogieNights,1997,4,https://boxd.it/23um
4/12/2017,The Umbrellas of Cherbourg,TheUmbrellasofCherbourg,1964,4,https://boxd.it/22fK
4/20/2017,Sunset Boulevard,SunsetBoulevard,1950,5,https://boxd.it/2a20
4/30/2017,Hot Fuzz,HotFuzz,2007,3.5,https://boxd.it/2416
4/30/2017,"Synecdoche, New York",SynecdocheNewYork,2008,3.5,https://boxd.it/23zw
5/3/2017,Guardians of the Galaxy Vol. 2,GuardiansoftheGalaxyVol2,2017,3,https://boxd.it/8MxC
5/10/2017,Aliens,Aliens,1986,3.5,https://boxd.it/29PA
5/14/2017,District 9,District9,2009,3.5,https://boxd.it/1Iik
5/18/2017,Dear Zachary: A Letter to a Son About His Father,DearZacharyALettertoaSonAboutHisFather,2008,4,https://boxd.it/1LW8
5/18/2017,Caché,Cache,2005,3.5,https://boxd.it/2amY
5/20/2017,EuroTrip,EuroTrip,2004,2,https://boxd.it/1YTQ
5/22/2017,The Royal Tenenbaums,TheRoyalTenenbaums,2001,2.5,https://boxd.it/1YHU
5/24/2017,Alien³,Alien3,1992,3,https://boxd.it/20zS
5/27/2017,20th Century Women,TwentiethCenturyWomen,2016,3.5,https://boxd.it/bqU6
5/27/2017,Weiner,Weiner,2016,3.5,https://boxd.it/d4N2
6/4/2017,Alien Resurrection,AlienResurrection,1997,1.5,https://boxd.it/20zI
6/8/2017,John Wick,JohnWick,2014,3.5,https://boxd.it/7dEc
6/10/2017,Scott Pilgrim vs. the World,ScottPilgrimvstheWorld,2010,4,https://boxd.it/1Aq6
7/4/2017,Fight Club,FightClub,1999,4,https://boxd.it/2a9q
7/4/2017,The Social Network,TheSocialNetwork,2010,5,https://boxd.it/17ue
7/12/2017,Baby Driver,BabyDriver,2017,3.5,https://boxd.it/bhF2
7/12/2017,Prometheus,Prometheus,2012,3,https://boxd.it/2s9e
7/13/2017,It Comes at Night,ItComesatNight,2017,4,https://boxd.it/eLuk
7/23/2017,War for the Planet of the Apes,WarforthePlanetoftheApes,2017,1.5,https://boxd.it/8FE2
7/24/2017,Zodiac,Zodiac,2007,3,https://boxd.it/27MO
7/24/2017,Okja,Okja,2017,3.5,https://boxd.it/dvXe
7/28/2017,Dunkirk,Dunkirk,2017,4.5,https://boxd.it/d0Y6
7/30/2017,The Terminator,TheTerminator,1984,2.5,https://boxd.it/2aQY
7/30/2017,Terminator 2: Judgment Day,Terminator2JudgmentDay,1991,4,https://boxd.it/2aGY
8/9/2017,"Everything, Everything",EverythingEverything,2017,2.5,https://boxd.it/eKx8
8/9/2017,Badlands,Badlands1973,1973,3.5,https://boxd.it/25Fm
8/11/2017,Shoah,Shoah,1985,4,https://boxd.it/XSK
8/11/2017,Let the Right One In,LettheRightOneIn,2008,3,https://boxd.it/1Qr0
8/16/2017,Alien: Covenant,AlienCovenant,2017,3,https://boxd.it/49UY
8/16/2017,Event Horizon,EventHorizon,1997,3,https://boxd.it/20d8
8/16/2017,Poultrygeist: Night of the Chicken Dead,PoultrygeistNightoftheChickenDead,2006,3.5,https://boxd.it/1ISi
8/18/2017,Dr. Strangelove or: How I Learned to Stop Worrying and Love the Bomb,DrStrangeloveorHowILearnedtoStopWorryingandLovetheBomb,1964,4.5,https://boxd.it/29eY
8/18/2017,In the Mood for Love,IntheMoodforLove,2000,4,https://boxd.it/29tE
8/18/2017,The Apartment,TheApartment,1960,3.5,https://boxd.it/2aGE
8/18/2017,Atomic Blonde,AtomicBlonde,2017,2.5,https://boxd.it/blDk
8/20/2017,Blow Out,BlowOut,1981,4,https://boxd.it/1TlE
10/5/2017,Loveless,Loveless,2017,3,https://boxd.it/fcFa
10/5/2017,You Were Never Really Here,YouWereNeverReallyHere,2017,4,https://boxd.it/dWOS
10/5/2017,Stronger,Stronger,2017,3,https://boxd.it/dRqQ
10/5/2017,The Glass Castle,TheGlassCastle,2017,1.5,https://boxd.it/b8za
11/1/2017,Thor: Ragnarok,ThorRagnarok,2017,3,https://boxd.it/8MHi
11/5/2017,Die Hard 2,DieHard2,1990,2.5,https://boxd.it/28zw
11/5/2017,Die Hard With a Vengeance,DieHardWithaVengeance,1995,3,https://boxd.it/28zG
11/15/2017,Battle of the Sexes,BattleoftheSexes,2017,2.5,https://boxd.it/cNxw
11/16/2017,Kingsman: The Golden Circle,KingsmanTheGoldenCircle,2017,2,https://boxd.it/buJm
11/22/2017,Predator,Predator,1987,3,https://boxd.it/2b84
11/22/2017,Live Free or Die Hard,LiveFreeorDieHard,2007,2,https://boxd.it/28zQ
12/8/2017,Moana,Moana,2016,3,https://boxd.it/8tfY
12/8/2017,Get Out,GetOut,2017,4,https://boxd.it/eOCm
12/12/2017,Happy End,HappyEnd,2017,3.5,https://boxd.it/dZ2C
12/15/2017,Star Wars: The Last Jedi,StarWarsTheLastJedi,2017,4,https://boxd.it/5xme
12/29/2017,Magnolia,Magnolia,1999,4,https://boxd.it/2aze
12/30/2017,"Paris, Texas",ParisTexas,1984,4,https://boxd.it/29Ts
12/31/2017,The Master,TheMaster,2012,3.5,https://boxd.it/2cBG
1/4/2018,The Thing,TheThing,1982,4.5,https://boxd.it/294O
1/4/2018,Starship Troopers,StarshipTroopers,1997,3.5,https://boxd.it/2a7k
1/17/2018,I Am Not Your Negro,IAmNotYourNegro,2016,3.5,https://boxd.it/etXy
1/17/2018,The Doors,TheDoors1991,1991,2,https://boxd.it/1W18
1/25/2018,mother!,mother,2017,3,https://boxd.it/dgRU
1/25/2018,All About My Mother,AllAboutMyMother,1999,4,https://boxd.it/2b9c
1/29/2018,Goodbye Christopher Robin,GoodbyeChristopherRobin,2017,2.5,https://boxd.it/eMZS
1/29/2018,The Post,ThePost,2017,4,https://boxd.it/fTeG
1/29/2018,"I, Tonya",ITonya,2017,3.5,https://boxd.it/dzR0
1/29/2018,The Shape of Water,TheShapeofWater,2017,3,https://boxd.it/dZ5m
1/29/2018,The Florida Project,TheFloridaProject,2017,4,https://boxd.it/dMG0
1/31/2018,Prisoners,Prisoners,2013,4.5,https://boxd.it/4E5i
2/25/2018,The Neon Demon,TheNeonDemon,2016,3.5,https://boxd.it/9AnW
2/26/2018,The Deer Hunter,TheDeerHunter,1978,3,https://boxd.it/1T6O
3/8/2018,The Room,TheRoom,2003,0.5,https://boxd.it/1ICY
3/8/2018,Dancer in the Dark,DancerintheDark,2000,4,https://boxd.it/71E
3/8/2018,Disaster Movie,DisasterMovie,2008,0.5,https://boxd.it/1Pnc
3/8/2018,Hellboy,Hellboy,2004,2.5,https://boxd.it/28HK
3/9/2018,Independence Day,IndependenceDay,1996,4,https://boxd.it/2a1w
3/10/2018,Pink Floyd: The Wall,PinkFloydTheWall,1982,3.5,https://boxd.it/1Sxk
3/23/2018,Annihilation,Annihilation,2018,3.5,https://boxd.it/9yzm
3/29/2018,The Act of Killing,TheActofKilling,2012,4.5,https://boxd.it/44Cg
4/2/2018,The Hottie & The Nottie,TheHottieAndTheNottie,2008,1,https://boxd.it/98W
4/2/2018,Valkyrie,Valkyrie,2008,3.5,https://boxd.it/275g
5/6/2018,Avengers: Infinity War,AvengersInfinityWar,2018,3.5,https://boxd.it/9vEe
5/8/2018,La La Land,LaLaLand,2016,5,https://boxd.it/a5fa
5/14/2018,Blue Velvet,BlueVelvet,1986,3.5,https://boxd.it/29BI
5/14/2018,Network,Network,1976,4,https://boxd.it/1VqG
6/18/2018,Hereditary,Hereditary,2018,3.5,https://boxd.it/hNVe
6/20/2018,Spirited Away,SpiritedAway,2001,4,https://boxd.it/2b4m
6/20/2018,Grizzly Man,GrizzlyMan,2005,3.5,https://boxd.it/2ag2
6/20/2018,Romancing the Stone,RomancingtheStone,1984,2.5,https://boxd.it/1YXS
6/20/2018,The Goonies,TheGoonies,1985,3,https://boxd.it/1YVC
7/26/2018,Pan's Labyrinth,PansLabyrinth,2006,4,https://boxd.it/28No
7/26/2018,Deadpool 2,Deadpool2,2018,2.5,https://boxd.it/dlLM
8/20/2018,Ready Player One,ReadyPlayerOne,2018,3,https://boxd.it/aZes
8/20/2018,Enemy Mine,EnemyMine,1985,2.5,https://boxd.it/1SU4
8/20/2018,Good Will Hunting,GoodWillHunting,1997,3.5,https://boxd.it/2ahY
9/5/2018,Crazy Rich Asians,CrazyRichAsians,2018,3,https://boxd.it/gfnK
9/10/2018,"O Brother, Where Art Thou?",OBrotherWhereArtThou,2000,3.5,https://boxd.it/2b3I
9/19/2018,Akira,Akira,1988,3,https://boxd.it/2b1i
9/20/2018,Good Time,GoodTime,2017,3.5,https://boxd.it/fcFu
9/24/2018,Easy Rider,EasyRider,1969,3,https://boxd.it/29Ys
9/27/2018,Lucy,Lucy,2014,1.5,https://boxd.it/75hu
10/5/2018,The Invitation,TheInvitation,2015,3,https://boxd.it/9OUU
1/5/2019,Icarus,Icarus,2017,3,https://boxd.it/fmje
1/5/2019,La Haine,LaHaine,1995,3.5,https://boxd.it/2as8
1/5/2019,Apocalypse Now,ApocalypseNow,1979,4,https://boxd.it/6ZS
1/11/2019,Roma,Roma,2018,4,https://boxd.it/f69M
1/15/2019,Black Mirror: Bandersnatch,BlackMirrorBandersnatch,2018,3.5,https://boxd.it/kTDG
1/18/2019,Possession,Possession,1981,3,https://boxd.it/1BPm
1/20/2019,"4 Months, 3 Weeks and 2 Days",FourMonthsThreeWeeksAndTwoDays,2007,4,https://boxd.it/27DW
2/17/2019,The Road,TheRoad,2009,3,https://boxd.it/1CWI
2/17/2019,Hunt for the Wilderpeople,HuntfortheWilderpeople,2016,2.5,https://boxd.it/cTgG
3/5/2019,The Edge of Seventeen,TheEdgeofSeventeen,2016,3,https://boxd.it/d5nu
3/5/2019,Pride and Prejudice and Zombies,PrideandPrejudiceandZombies,2016,1.5,https://boxd.it/kp0
3/24/2019,Train to Busan,TraintoBusan,2016,2,https://boxd.it/dSQU
3/29/2019,The Abyss,TheAbyss,1989,3.5,https://boxd.it/26mK
4/2/2019,The Beach Bum,TheBeachBum,2019,3.5,https://boxd.it/fH4O
4/7/2019,A Scanner Darkly,AScannerDarkly,2006,3,https://boxd.it/25jK
4/19/2019,Fahrenheit 9/11,Fahrenheit911,2004,3.5,https://boxd.it/28a2
4/22/2019,Bullhead,Bullhead,2011,3.5,https://boxd.it/99K
4/24/2019,Mean Streets,MeanStreets,1973,2.5,https://boxd.it/2aSU
4/24/2019,Only Lovers Left Alive,OnlyLoversLeftAlive,2013,3.5,https://boxd.it/4O1U
4/27/2019,The Game,TheGame,1997,4.5,https://boxd.it/26vC
4/27/2019,Bird Box,BirdBox,2018,2.5,https://boxd.it/eh1i
4/29/2019,Cléo from 5 to 7,Cleofrom5to7,1962,3,https://boxd.it/2agm
5/3/2019,Big Trouble in Little China,BigTroubleinLittleChina,1986,3.5,https://boxd.it/21em
5/3/2019,This Is Spinal Tap,ThisIsSpinalTap,1984,3,https://boxd.it/1UOs
5/4/2019,Spotlight,Spotlight,2015,4,https://boxd.it/a84k
5/4/2019,The Breadwinner,TheBreadwinner,2017,3.5,https://boxd.it/frLs
5/5/2019,Inglourious Basterds,InglouriousBasterds,2009,4.5,https://boxd.it/1JzG
5/11/2019,Star Wars: Episode I – The Phantom Menace,ThePhantomMenace,1999,1,https://boxd.it/27Vc
5/12/2019,Antichrist,Antichrist,2009,4,https://boxd.it/1Inu
5/20/2019,All the President's Men,AllthePresidentsMen,1976,3.5,https://boxd.it/29lU
5/27/2019,John Wick: Chapter 3 – Parabellum,JohnWickChapter3Parabellum,2019,3,https://boxd.it/gmFw
5/29/2019,Funny Games,FunnyGames,1997,4.5,https://boxd.it/1WKM
5/31/2019,High Life,HighLife,2018,3.5,https://boxd.it/d6bk
5/31/2019,Weird Science,WeirdScience,1985,2.5,https://boxd.it/1T1O
6/16/2019,We Need to Talk About Kevin,WeNeedtoTalkAboutKevin,2011,4.5,https://boxd.it/2pTS
7/3/2019,Hunger,Hunger,2008,3.5,https://boxd.it/1Wso
7/21/2019,Soylent Green,SoylentGreen,1973,2.5,https://boxd.it/1SxE
7/21/2019,The Conversation,TheConversation,1974,4.5,https://boxd.it/2a38
7/22/2019,Son of Saul,SonofSaul,2015,4,https://boxd.it/b6r4
7/29/2019,The Meyerowitz Stories (New and Selected),TheMeyerowitzStories,2017,3.5,https://boxd.it/dSp0
8/17/2019,Brazil,Brazil,1985,3.5,https://boxd.it/2be2
8/28/2019,Zero Dark Thirty,ZeroDarkThirty,2012,2.5,https://boxd.it/3n1w
8/30/2019,Once Upon a Time... in Hollywood,OnceUponaTimeinHollywood,2019,3,https://boxd.it/gH0O
8/31/2019,Phantom Thread,PhantomThread,2017,4.5,https://boxd.it/e4uc
9/1/2019,Man on Wire,ManonWire,2008,3,https://boxd.it/1ORK
9/1/2019,45 Years,45Years,2015,3.5,https://boxd.it/9ZPG
9/6/2019,Cube,Cube,1997,2.5,https://boxd.it/2aoU
9/8/2019,Searching,Searching,2018,3.5,https://boxd.it/hDPg
9/12/2019,Perfect Blue,PerfectBlue,1997,4,https://boxd.it/1W7A
9/14/2019,The Graduate,TheGraduate,1967,4,https://boxd.it/18Im
9/14/2019,Harold & Kumar Go to White Castle,HaroldAndKumarGoToWhiteCastle,2004,2.5,https://boxd.it/1Ueu
9/14/2019,Chinatown,Chinatown,1974,4.5,https://boxd.it/29vU
9/15/2019,When They See Us,WhenTheySeeUs,2019,3.5,https://boxd.it/kbJU
9/16/2019,Suspiria,Suspiria,1977,3.5,https://boxd.it/1SNW
9/21/2019,Ad Astra,AdAstra,2019,3,https://boxd.it/ePzI
9/22/2019,Enter the Void,EntertheVoid,2009,3,https://boxd.it/1dy2
9/27/2019,Christine,Christine,1983,3.5,https://boxd.it/1ZRQ
9/27/2019,Sleeping Beauty,SleepingBeauty,1959,2.5,https://boxd.it/1V9A
10/8/2019,Moon,Moon,2009,3,https://boxd.it/1IGQ
10/8/2019,The Fanatic,TheFanatic,2019,1,https://boxd.it/irGI
10/10/2019,Metallica and San Francisco Symphony: S&M2,MetallicaandSanFranciscoSymphonySM2,2019,2.5,https://boxd.it/n15w
11/11/2019,Joker,Joker,2019,3,https://boxd.it/h4cS
11/30/2019,Replicas,Replicas,2018,0.5,https://boxd.it/9yBi
12/9/2019,Parasite,Parasite,2019,4,https://boxd.it/hTha
12/17/2019,Marriage Story,MarriageStory,2019,4,https://boxd.it/hJAw
12/25/2019,Eraserhead,Eraserhead,1977,3,https://boxd.it/299u
12/30/2019,8½,EightAndAHalf,1963,4,https://boxd.it/2aqm
1/2/2020,Green Room,GreenRoom,2015,4,https://boxd.it/a75m
1/2/2020,Star Wars: The Rise of Skywalker,StarWarsTheRiseofSkywalker,2019,2.5,https://boxd.it/5xlK
1/25/2020,The Irishman,TheIrishman,2019,3.5,https://boxd.it/dYOq
1/25/2020,The Lord of the Rings: The Two Towers,TheLordoftheRingsTheTwoTowers,2002,3.5,https://boxd.it/2b5E
1/25/2020,The Lord of the Rings: The Return of the King,TheLordoftheRingsTheReturnoftheKing,2003,4,https://boxd.it/2b5u
1/27/2020,1917,NineteenSeventeen,2019,3,https://boxd.it/jj4y
1/29/2020,All That Jazz,AllThatJazz,1979,3,https://boxd.it/1JB8
2/5/2020,Uncut Gems,UncutGems,2019,4.5,https://boxd.it/gXGc
2/7/2020,Polytechnique,Polytechnique,2009,3,https://boxd.it/1AMG
2/12/2020,Blow-Up,BlowUp,1966,2.5,https://boxd.it/2966
2/13/2020,Sand Sharks,SandSharks,2011,0.5,https://boxd.it/2WXe
2/22/2020,The Boy Who Harnessed the Wind,TheBoyWhoHarnessedtheWind,2019,2.5,https://boxd.it/hIgA
2/23/2020,Midsommar,Midsommar,2019,3.5,https://boxd.it/jhxe
2/28/2020,The Lighthouse,TheLighthouse,2019,3.5,https://boxd.it/icFU
3/1/2020,Cool Hand Luke,CoolHandLuke,1967,3,https://boxd.it/29jY
3/7/2020,Little Women,LittleWomen,2019,3,https://boxd.it/aSVk
3/14/2020,Room,Room,2015,3.5,https://boxd.it/7T0y
3/14/2020,Knives Out,KnivesOut,2019,4,https://boxd.it/jWEA
3/18/2020,The Texas Chain Saw Massacre,TheTexasChainSawMassacre,1974,4.5,https://boxd.it/1lcS
3/23/2020,Frances Ha,FrancesHa,2012,4,https://boxd.it/41Xg
3/23/2020,The Witch,TheWitch,2015,3,https://boxd.it/9X0m
3/30/2020,Machete,Machete,2010,3,https://boxd.it/1yXW
4/4/2020,My Scientology Movie,MyScientologyMovie,2015,2.5,https://boxd.it/cedw
4/6/2020,Ida,Ida,2013,3,https://boxd.it/6fRg
4/12/2020,Portrait of a Lady on Fire,PortraitofaLadyonFire,2019,4.5,https://boxd.it/jkPq
4/20/2020,The Big Short,TheBigShort,2015,3,https://boxd.it/ajZw
4/20/2020,"I, Daniel Blake",IDanielBlake,2016,3.5,https://boxd.it/d0xa
5/17/2020,The Prestige,ThePrestige,2006,3.5,https://boxd.it/293w
5/24/2020,Bicycle Thieves,BicycleThieves,1948,3.5,https://boxd.it/23hW
5/31/2020,Andhadhun,Andhadhun,2018,3.5,https://boxd.it/jtfc
6/7/2020,The Invisible Guest,TheInvisibleGuest,2016,3.5,https://boxd.it/euce
6/13/2020,Cries and Whispers,CriesandWhispers,1972,3.5,https://boxd.it/1WK8
6/15/2020,Grave of the Fireflies,GraveoftheFireflies,1988,3,https://boxd.it/1RUM
6/27/2020,"The Good, the Bad and the Ugly",TheGoodtheBadandtheUgly,1966,3.5,https://boxd.it/2ape
7/12/2020,Ikiru,Ikiru,1952,3,https://boxd.it/251c
7/18/2020,Overlord,Overlord,2018,3,https://boxd.it/fAwm
7/18/2020,In the Name of the Father,IntheNameoftheFather,1993,3.5,https://boxd.it/20I6
7/23/2020,An American Werewolf in London,AnAmericanWerewolfinLondon,1981,3,https://boxd.it/29yk
8/14/2020,The Handmaiden,TheHandmaiden,2016,3.5,https://boxd.it/948A
8/18/2020,Crash,Crash,1996,3.5,https://boxd.it/29n2
8/26/2020,The Karate Kid,TheKarateKid,1984,2.5,https://boxd.it/27Wk
9/10/2020,Tenet,Tenet,2020,3.5,https://boxd.it/leq4
9/29/2020,Breathless,Breathless,1960,2.5,https://boxd.it/2aIK
10/14/2020,Chasing Amy,ChasingAmy,1997,2,https://boxd.it/274W
10/25/2020,Blade Runner 2049,BladeRunner2049,2017,3.5,https://boxd.it/b8wK
11/8/2020,Two Is a Family,TwoIsaFamily,2016,1.5,https://boxd.it/dk7w
11/15/2020,Hamilton,Hamilton,2020,3,https://boxd.it/kmvE
11/19/2020,Stalker,Stalker,1979,4,https://boxd.it/28PO
11/23/2020,The Lego Movie,TheLegoMovie,2014,2.5,https://boxd.it/4pDO
12/5/2020,Valerian and the City of a Thousand Planets,ValerianandtheCityofaThousandPlanets,2017,3,https://boxd.it/biYY
12/5/2020,As It Is in Heaven,AsItIsinHeaven,2004,3,https://boxd.it/2akI
12/19/2020,Jojo Rabbit,JojoRabbit,2019,3,https://boxd.it/iEBG
12/23/2020,The Night Before,TheNightBefore,2015,2.5,https://boxd.it/9n9W
12/26/2020,Rundfunk: Jachterwachter,RundfunkJachterwachter,2020,3,https://boxd.it/mTRW
1/9/2021,The Midnight Sky,TheMidnightSky,2020,2,https://boxd.it/mK6C
1/9/2021,Split,Split,2016,3,https://boxd.it/dgSy
1/16/2021,[REC],REC,2007,4,https://boxd.it/20ma
1/19/2021,Bride Wars,BrideWars,2009,1,https://boxd.it/1W3I
2/10/2021,Eyes Wide Shut,EyesWideShut,1999,4,https://boxd.it/2axs
2/10/2021,RoboCop,RoboCop,1987,3,https://boxd.it/22Wu
2/10/2021,Ocean's Eleven,OceansEleven,2001,2.5,https://boxd.it/2aZm
2/10/2021,Tully,Tully,2018,4,https://boxd.it/e4kc
2/11/2021,The Double Life of Véronique,TheDoubleLifeofVeronique,1991,2,https://boxd.it/28va
2/14/2021,The Road to El Dorado,TheRoadtoElDorado,2000,1.5,https://boxd.it/1W6s
2/14/2021,Bill & Ted's Excellent Adventure,BillAndTedsExcellentAdventure,1989,3,https://boxd.it/28oI
2/24/2021,A Man Called Ove,AManCalledOve,2015,2.5,https://boxd.it/bHuY
2/24/2021,Private Life,PrivateLife,2018,3,https://boxd.it/gn9Q
3/7/2021,Sorry We Missed You,SorryWeMissedYou,2019,3.5,https://boxd.it/iXBg
3/8/2021,Outland,Outland,1981,3.5,https://boxd.it/1W0E
3/21/2021,Arrival,Arrival,2016,4.5,https://boxd.it/aNGk
3/30/2021,The Mummy,TheMummy,1999,1.5,https://boxd.it/2a7a
4/4/2021,Raya and the Last Dragon,RayaandtheLastDragon,2021,4,https://boxd.it/jbkI
4/13/2021,Double Indemnity,DoubleIndemnity,1944,3.5,https://boxd.it/297I
4/17/2021,Thank You for Smoking,ThankYouforSmoking,2005,3.5,https://boxd.it/1YOc
4/22/2021,Police Academy,PoliceAcademy,1984,3,https://boxd.it/1YWg
4/26/2021,The Hangover,TheHangover,2009,2.5,https://boxd.it/1GjK
4/26/2021,Kramer vs. Kramer,KramervsKramer,1979,4,https://boxd.it/h0w
4/27/2021,Veronica,Veronica,2017,2.5,https://boxd.it/eZ8W
5/2/2021,Kiki's Delivery Service,KikisDeliveryService,1989,2.5,https://boxd.it/1JAY
5/8/2021,Nomadland,Nomadland,2020,3.5,https://boxd.it/lnRy
5/8/2021,6 Souls,SixSouls,2010,3,https://boxd.it/Zdu
5/9/2021,The Marriage Escape,TheMarriageEscape,2020,3.5,https://boxd.it/lNvS
5/15/2021,The Truman Show,TheTrumanShow,1998,3.5,https://boxd.it/18U8
5/15/2021,Her,Her,2013,3.5,https://boxd.it/4O24
5/16/2021,The Mask of Zorro,TheMaskofZorro,1998,3,https://boxd.it/1YVi
5/23/2021,Sing Street,SingStreet,2016,3.5,https://boxd.it/cOo6
5/30/2021,Pride & Prejudice,PrideAndPrejudice2005,2005,3,https://boxd.it/24u8
6/19/2021,The World's End,TheWorldsEnd,2013,4,https://boxd.it/3EiO
7/10/2021,Mudbound,Mudbound,2017,3,https://boxd.it/eCsu
8/3/2021,Onward,Onward,2020,3,https://boxd.it/io92
8/5/2021,Moonrise Kingdom,MoonriseKingdom,2012,3.5,https://boxd.it/2Wng
8/8/2021,"Three Billboards Outside Ebbing, Missouri",ThreeBillboardsOutsideEbbingMissouri,2017,3,https://boxd.it/ceBS
8/8/2021,Raw,Raw,2016,4,https://boxd.it/dLd2
8/11/2021,Spring Breakers,SpringBreakers,2012,4,https://boxd.it/421s
8/12/2021,The Last House on the Left,TheLastHouseontheLeft,1972,3,https://boxd.it/1M4m
8/28/2021,Swiped,Swiped,2018,0.5,https://boxd.it/juNE
9/6/2021,Rumor Has It...,RumorHasIt,2005,1,https://boxd.it/26h6
9/6/2021,Dune,Dune1984,1984,1.5,https://boxd.it/29tY
9/15/2021,Incendies,Incendies,2010,4.5,https://boxd.it/Msm
9/16/2021,Memories of Murder,MemoriesofMurder,2003,3,https://boxd.it/1TSo
9/20/2021,American Psycho,AmericanPsycho,2000,3.5,https://boxd.it/28Vs
9/22/2021,Petite Maman,PetiteMaman,2021,4,https://boxd.it/s6je
10/6/2021,Promising Young Woman,PromisingYoungWoman,2020,3.5,https://boxd.it/loRE
10/11/2021,Hush,Hush,2016,3.5,https://boxd.it/d5ys
10/15/2021,Dune,Dune,2021,4,https://boxd.it/fA7G
10/16/2021,Borat Subsequent Moviefilm,BoratSubsequentMoviefilm,2020,3.5,https://boxd.it/rNS0
10/16/2021,Lovelace,Lovelace,2013,2,https://boxd.it/2H7W
11/2/2021,"The French Dispatch of the Liberty, Kansas Evening Sun",TheFrenchDispatchoftheLibertyKansasEveningSun,2021,3,https://boxd.it/jLP8
11/14/2021,Benedetta,Benedetta,2021,3,https://boxd.it/gdNQ
11/17/2021,Wild at Heart,WildatHeart,1990,4,https://boxd.it/2aii
11/20/2021,Luca,Luca,2021,3,https://boxd.it/ipjC
12/19/2021,Spider-Man: Homecoming,SpiderManHomecoming,2017,2.5,https://boxd.it/aboM
12/19/2021,Spider-Man: Far From Home,SpiderManFarFromHome,2019,2.5,https://boxd.it/fegG
12/19/2021,Spider-Man: No Way Home,SpiderManNoWayHome,2021,3,https://boxd.it/nwRw
12/19/2021,Lady Bird,LadyBird,2017,3,https://boxd.it/dGNE
12/27/2021,Another Round,AnotherRound,2020,4,https://boxd.it/lkba
12/29/2021,Booksmart,Booksmart,2019,3.5,https://boxd.it/igNS
12/29/2021,Paths of Glory,PathsofGlory,1957,3.5,https://boxd.it/29b6
1/26/2022,Munich – The Edge of War,MunichTheEdgeofWar,2021,3.5,https://boxd.it/sy84
1/27/2022,Look Who's Back,LookWhosBack,2015,3,https://boxd.it/akeQ
1/27/2022,March of the Penguins,MarchofthePenguins,2005,3.5,https://boxd.it/28lE
2/16/2022,When Harry Met Sally...,WhenHarryMetSally,1989,3.5,https://boxd.it/29W2
3/1/2022,Fish Tank,FishTank,2009,4,https://boxd.it/1xBg
3/7/2022,Sound of Metal,SoundofMetal,2019,4,https://boxd.it/i7Q4
3/7/2022,West Side Story,WestSideStory,2021,3.5,https://boxd.it/iwt0
3/20/2022,Licorice Pizza,LicoricePizza,2021,2.5,https://boxd.it/qTKY
4/17/2022,Twin Peaks: Fire Walk with Me,TwinPeaksFireWalkwithMe,1992,4,https://boxd.it/27Qw
4/28/2022,Call Me by Your Name,CallMebyYourName,2017,4,https://boxd.it/dYmm
5/29/2022,Melancholia,Melancholia,2011,3,https://boxd.it/bPI
6/17/2022,RRR,RRR,2022,3,https://boxd.it/ljDs
8/10/2022,Thirteen Lives,ThirteenLives,2022,4,https://boxd.it/q7O4
11/18/2022,The Host,TheHost,2006,4,https://boxd.it/28ZY
11/18/2022,One Fine Morning,OneFineMorning,2022,3,https://boxd.it/s4Ta
1/18/2023,Us,Us,2019,3.5,https://boxd.it/gnV6
1/18/2023,The Menu,TheMenu,2022,3.5,https://boxd.it/lScm
1/18/2023,The Banshees of Inisherin,TheBansheesofInisherin,2022,4,https://boxd.it/p7XS
1/18/2023,Broker,Broker,2022,3.5,https://boxd.it/rDUU
1/18/2023,Close,Close,2022,4,https://boxd.it/y4qa
1/22/2023,Green Book,GreenBook,2018,2.5,https://boxd.it/hErk
1/25/2023,In Bruges,InBruges,2008,3,https://boxd.it/20n8
2/1/2023,Triangle of Sadness,TriangleofSadness,2022,2.5,https://boxd.it/hXlq
2/20/2023,Secretary,Secretary,2002,3,https://boxd.it/1URc
2/27/2023,Benny's Video,BennysVideo,1992,3.5,https://boxd.it/27Hk
3/10/2023,Vice,Vice,2018,2.5,https://boxd.it/fcFY
3/15/2023,Barry Lyndon,BarryLyndon,1975,4.5,https://boxd.it/25A2
3/19/2023,Being John Malkovich,BeingJohnMalkovich,1999,3,https://boxd.it/2ahu
4/6/2023,John Wick: Chapter 4,JohnWickChapter4,2023,3.5,https://boxd.it/mh48
4/10/2023,The Unbearable Weight of Massive Talent,TheUnbearableWeightofMassiveTalent,2022,3.5,https://boxd.it/o6eK
4/17/2023,The Worst Person in the World,TheWorstPersonintheWorld,2021,4,https://boxd.it/oyws
4/28/2023,Aftersun,Aftersun,2022,5,https://boxd.it/Arw0
5/1/2023,"Good Luck to You, Leo Grande",GoodLucktoYouLeoGrande,2022,3.5,https://boxd.it/stYk
5/3/2023,The Lives of Others,TheLivesofOthers,2006,3.5,https://boxd.it/2a4A
5/30/2023,Wind River,WindRiver,2017,3,https://boxd.it/dR3i
6/2/2023,Spider-Man: Into the Spider-Verse,SpiderManIntotheSpiderVerse,2018,4,https://boxd.it/azpY
6/6/2023,Star Trek III: The Search for Spock,StarTrekIIITheSearchforSpock,1984,3,https://boxd.it/2b00
6/14/2023,Stand by Me,StandbyMe,1986,2.5,https://boxd.it/2aOe
6/20/2023,Back to the Future,BacktotheFuture,1985,3.5,https://boxd.it/2b8e
6/25/2023,Game Night,GameNight,2018,4.5,https://boxd.it/fRtu
6/27/2023,Star Trek IV: The Voyage Home,StarTrekIVTheVoyageHome,1986,3.5,https://boxd.it/2aYe
7/4/2023,Closer,Closer,2004,1.5,https://boxd.it/270K
7/11/2023,The Power of the Dog,ThePoweroftheDog,2021,3,https://boxd.it/m99E
7/12/2023,Dogtooth,Dogtooth,2009,4,https://boxd.it/158K
7/14/2023,The Day After Tomorrow,TheDayAfterTomorrow,2004,2.5,https://boxd.it/2aog
7/16/2023,Tusk,Tusk,2014,1.5,https://boxd.it/7eoa
7/25/2023,Once Upon a Time in Anatolia,OnceUponaTimeinAnatolia,2011,4,https://boxd.it/2yHG
7/29/2023,Inside Man,InsideMan,2006,2.5,https://boxd.it/2auS
8/9/2023,Star Trek V: The Final Frontier,StarTrekVTheFinalFrontier,1989,1.5,https://boxd.it/2aXA
8/12/2023,Chernobyl,Chernobyl,2019,4.5,https://boxd.it/mkbG
8/13/2023,Barbie,Barbie,2023,3.5,https://boxd.it/bCLK
8/15/2023,The Wrestler,TheWrestler,2008,3,https://boxd.it/1So8
8/18/2023,Oppenheimer,Oppenheimer,2023,3.5,https://boxd.it/wUow
8/22/2023,Nope,Nope,2022,2.5,https://boxd.it/sDCe
8/23/2023,Star Trek VI: The Undiscovered Country,StarTrekVITheUndiscoveredCountry,1991,3,https://boxd.it/2aXg
9/21/2023,Star Trek: The Motion Picture,StarTrekTheMotionPicture,1979,3.5,https://boxd.it/2b0O
10/5/2023,Dumb Money,DumbMoney,2023,3,https://boxd.it/tNdU
10/18/2023,Iron Man,IronMan,2008,3,https://boxd.it/28dA
10/23/2023,Killers of the Flower Moon,KillersoftheFlowerMoon,2023,3.5,https://boxd.it/gHp0
10/25/2023,I'm Your Man,ImYourMan,2021,3,https://boxd.it/tWcG
10/29/2023,The Killer,TheKiller,2023,3.5,https://boxd.it/u6WE
10/29/2023,Anatomy of a Fall,AnatomyofaFall,2023,4,https://boxd.it/yuDE
11/18/2023,Winter Sleep,WinterSleep,2014,3.5,https://boxd.it/7Ua0
12/4/2023,Mommy,Mommy,2014,3,https://boxd.it/7Uau
12/9/2023,Paddington,Paddington,2014,3,https://boxd.it/3RKw
12/14/2023,The Killing Fields,TheKillingFields,1984,3.5,https://boxd.it/29Yi
12/19/2023,Who Framed Roger Rabbit,WhoFramedRogerRabbit,1988,2.5,https://boxd.it/29ry
12/24/2023,Avengers: Endgame,AvengersEndgame,2019,3.5,https://boxd.it/9vE4
12/28/2023,Die Hard,DieHard,1988,4.5,https://boxd.it/2a7u
12/30/2023,The Old Oak,TheOldOak,2023,3,https://boxd.it/AEng
1/10/2024,Paddington 2,Paddington2,2017,4.5,https://boxd.it/bCF8
1/10/2024,Porco Rosso,PorcoRosso,1992,3,https://boxd.it/1Tp2
1/23/2024,Guardians of the Galaxy Vol. 3,GuardiansoftheGalaxyVol3,2023,2.5,https://boxd.it/fVNI
2/5/2024,Master and Commander: The Far Side of the World,MasterandCommanderTheFarSideoftheWorld,2003,3.5,https://boxd.it/200S
2/14/2024,Poor Things,PoorThings,2023,4,https://boxd.it/tNWU
3/17/2024,Dune: Part Two,DunePartTwo,2024,4,https://boxd.it/pUfA
3/24/2024,The Zone of Interest,TheZoneofInterest,2023,2.5,https://boxd.it/gJsA
4/3/2024,Austin Powers: International Man of Mystery,AustinPowersInternationalManofMystery,1997,2.5,https://boxd.it/29y0
4/15/2024,Shrek,Shrek,2001,2.5,https://boxd.it/29zi
5/7/2024,Idiocracy,Idiocracy,2006,2.5,https://boxd.it/20RW
5/7/2024,About Dry Grasses,AboutDryGrasses,2023,4,https://boxd.it/oNbO
5/13/2024,The Lord of the Rings: The Fellowship of the Ring,TheLordoftheRingsTheFellowshipoftheRing,2001,4.5,https://boxd.it/2b5O
5/21/2024,The Vanishing,TheVanishing,1988,4,https://boxd.it/1ZTW
5/22/2024,Erin Brockovich,ErinBrockovich,2000,2.5,https://boxd.it/2al2
5/26/2024,Il Posto,IlPosto,1961,3,https://boxd.it/1iqC
5/28/2024,The Death of Stalin,TheDeathofStalin,2017,3,https://boxd.it/ea9Y
5/29/2024,Jackass Forever,JackassForever,2022,4,https://boxd.it/opUg
6/4/2024,Witness for the Prosecution,WitnessfortheProsecution,1957,4,https://boxd.it/18H4
6/9/2024,Hit Man,HitMan,2023,3,https://boxd.it/ANB2
6/10/2024,Atonement,Atonement,2007,4,https://boxd.it/24ui
6/17/2024,La Chimera,LaChimera,2023,4.5,https://boxd.it/vzVi
6/20/2024,Perfect Days,PerfectDays,2023,3,https://boxd.it/ATh8
6/24/2024,"Are You There God? It's Me, Margaret.",AreYouThereGodItsMeMargaret,2023,2.5,https://boxd.it/kiYC
7/14/2024,A Woman Under the Influence,AWomanUndertheInfluence,1974,4.5,https://boxd.it/1myg
7/14/2024,The Fall Guy,TheFallGuy,2024,3,https://boxd.it/s0Bm
7/21/2024,Mustang,Mustang,2015,2.5,https://boxd.it/baaw
7/21/2024,The Holdovers,TheHoldovers,2023,3,https://boxd.it/vHza
7/21/2024,A Separation,ASeparation,2011,4.5,https://boxd.it/gvo
7/21/2024,The Celebration,TheCelebration,1998,4,https://boxd.it/2aCM
7/23/2024,Babylon,Babylon,2022,3,https://boxd.it/mM02
7/28/2024,Legally Blonde,LegallyBlonde,2001,3.5,https://boxd.it/1ZNa
8/2/2024,Notting Hill,NottingHill,1999,1.5,https://boxd.it/2aeK
8/6/2024,Snakes on a Plane,SnakesonaPlane,2006,2,https://boxd.it/2aAw
8/15/2024,Bridesmaids,Bridesmaids,2011,3,https://boxd.it/rac
8/19/2024,Everything Everywhere All at Once,EverythingEverywhereAllatOnce,2022,3.5,https://boxd.it/jUk4
8/19/2024,Tenacious D in The Pick of Destiny,TenaciousDinThePickofDestiny,2006,4,https://boxd.it/27go
8/19/2024,Hot Tub Time Machine,HotTubTimeMachine,2010,2,https://boxd.it/1zIS
8/19/2024,Blood Simple,BloodSimple,1984,4,https://boxd.it/1U16
9/7/2024,Fargo,Fargo,1996,4.5,https://boxd.it/2aHM
9/7/2024,Dazed and Confused,DazedandConfused,1993,3,https://boxd.it/1Ylk
9/11/2024,Risky Business,RiskyBusiness,1983,3.5,https://boxd.it/1YUE
9/24/2024,In Order of Disappearance,InOrderofDisappearance,2014,3,https://boxd.it/7pCW
9/30/2024,Toy Story 2,ToyStory2,1999,4,https://boxd.it/29qq
9/30/2024,Toy Story,ToyStory1,1995,4,https://boxd.it/29qA
10/1/2024,The Substance,TheSubstance,2024,3.5,https://boxd.it/zanS
10/2/2024,The Producers,TheProducers,1967,3,https://boxd.it/1lMm
10/4/2024,Toy Story 3,ToyStory3,2010,4.5,https://boxd.it/1WRe
10/6/2024,Swiss Army Man,SwissArmyMan,2016,2.5,https://boxd.it/bDG2
10/7/2024,"Oslo, August 31st",OsloAugust31st,2011,3.5,https://boxd.it/2xQC
10/11/2024,Clueless,Clueless,1995,3.5,https://boxd.it/1Ygk
10/14/2024,E.T. the Extra-Terrestrial,ETtheExtraTerrestrial,1982,3.5,https://boxd.it/2a1G
10/21/2024,The Wild Robot,TheWildRobot,2024,3,https://boxd.it/IWFy
10/31/2024,The Rocky Horror Picture Show,TheRockyHorrorPictureShow,1975,3.5,https://boxd.it/1a3q
11/15/2024,She's Gotta Have It,ShesGottaHaveIt,1986,3,https://boxd.it/1quC
11/19/2024,But I'm a Cheerleader,ButImaCheerleader,1999,3,https://boxd.it/1CW4
11/25/2024,Inside Out 2,InsideOut2,2024,3,https://boxd.it/CFrC
12/8/2024,Bottoms,Bottoms,2023,3,https://boxd.it/uGf2
12/15/2024,Anora,Anora,2024,3.5,https://boxd.it/Egcw
12/24/2024,The Godfather,TheGodfather,1972,5,https://boxd.it/2aNK
12/24/2024,The Godfather Part II,TheGodfatherPartII,1974,3.5,https://boxd.it/2aNq
12/25/2024,Home Alone,HomeAlone,1990,4,https://boxd.it/29Fg
1/2/2025,Raiders of the Lost Ark,RaidersoftheLostArk,1981,3,https://boxd.it/2bbs
1/5/2025,Nosferatu,Nosferatu,2024,4,https://boxd.it/f5eG
1/5/2025,Minari,Minari,2020,3,https://boxd.it/mL9M
1/8/2025,Flow,Flow2024,2024,3.5,https://boxd.it/v1Ei
1/17/2025,Babygirl,Babygirl,2024,2,https://boxd.it/Fvai
1/23/2025,Mulholland Drive,MulhollandDrive,2001,4,https://boxd.it/297o
1/25/2025,Claudine,Claudine,1974,4,https://boxd.it/qJg
2/2/2025,The Piano,ThePiano,1993,3.5,https://boxd.it/29Kq
2/18/2025,The Brutalist,TheBrutalist,2024,3.5,https://boxd.it/k4BO
2/22/2025,Pride,Pride,2014,3,https://boxd.it/6TwM
2/26/2025,Chicken Run: Dawn of the Nugget,ChickenRunDawnoftheNugget,2023,3,https://boxd.it/iTww
2/28/2025,Malcolm X,MalcolmX,1992,4,https://boxd.it/27WE
3/1/2025,Little Miss Sunshine,LittleMissSunshine,2006,4.5,https://boxd.it/29EW
3/5/2025,Black Panther,BlackPanther,2018,3.5,https://boxd.it/8MHs
3/8/2025,Gladiator,Gladiator,2000,4.5,https://boxd.it/2b9m
3/10/2025,Mickey 17,Mickey17,2025,3.5,https://boxd.it/q1Dk
3/21/2025,BlacKkKlansman,BlacKkKlansman,2018,3,https://boxd.it/hxL8
4/1/2025,Harakiri,Harakiri,1962,3,https://boxd.it/1NTU
4/1/2025,The Discreet Charm of the Bourgeoisie,TheDiscreetCharmoftheBourgeoisie,1972,3,https://boxd.it/2440
4/2/2025,The Skin I Live In,TheSkinILiveIn,2011,3.5,https://boxd.it/99A
4/3/2025,25th Hour,TwentyFifthHour,2002,3,https://boxd.it/28LC
4/4/2025,Friday,Friday,1995,3,https://boxd.it/1VLO
4/27/2025,Sinners,Sinners,2025,4,https://boxd.it/KQMM
5/4/2025,Seven Samurai,SevenSamurai,1954,4.5,https://boxd.it/2axi
5/7/2025,Black Bag,BlackBag,2025,3,https://boxd.it/KRbM
5/12/2025,Super Mario Bros.,SuperMarioBros,1993,1.5,https://boxd.it/1YfG
5/12/2025,Office Space,OfficeSpace,1999,3.5,https://boxd.it/28Em
5/12/2025,Adaptation.,Adaptation,2002,4,https://boxd.it/26mA
5/13/2025,The Look of Silence,TheLookofSilence,2014,3,https://boxd.it/8006
5/14/2025,Before Sunrise,BeforeSunrise,1995,5,https://boxd.it/2bcU
5/14/2025,Before Sunset,BeforeSunset,2004,4,https://boxd.it/2bcg
5/14/2025,Before Midnight,BeforeMidnight,2013,4.5,https://boxd.it/4ive
5/26/2025,Some Like It Hot,SomeLikeItHot,1959,3.5,https://boxd.it/2aNA
6/2/2025,Paris Is Burning,ParisIsBurning,1990,4,https://boxd.it/1jzg
6/5/2025,Howl's Moving Castle,HowlsMovingCastle,2004,3,https://boxd.it/23De
6/9/2025,The Secret Life of Walter Mitty,TheSecretLifeofWalterMitty,2013,3,https://boxd.it/3SWy
6/9/2025,The Emperor's New Groove,TheEmperorsNewGroove,2000,4,https://boxd.it/1Tey
6/12/2025,Happiness,Happiness,1998,3.5,https://boxd.it/1VEe
6/18/2025,Juror #2,JurorNumber2,2024,3.5,https://boxd.it/FRwU
6/18/2025,Up,Up,2009,2.5,https://boxd.it/1OEc
6/26/2025,Love Lies Bleeding,LoveLiesBleeding,2024,3.5,https://boxd.it/zN4q
7/4/2025,Free Solo,FreeSolo,2018,2.5,https://boxd.it/iEEq
7/6/2025,The Rock,TheRock,1996,3,https://boxd.it/1XM0
7/7/2025,Companion,Companion,2025,3.5,https://boxd.it/F04o
7/7/2025,The Iron Giant,TheIronGiant,1999,4,https://boxd.it/1Wow
7/7/2025,Kiss Kiss Bang Bang,KissKissBangBang,2005,2.5,https://boxd.it/23c8
7/17/2025,The Assistant,TheAssistant,2019,4,https://boxd.it/neWo
7/17/2025,"Girl, Interrupted",GirlInterrupted,1999,2,https://boxd.it/25ds
7/20/2025,Popstar: Never Stop Never Stopping,PopstarNeverStopNeverStopping,2016,4,https://boxd.it/blDa
7/24/2025,My Old Ass,MyOldAss,2024,2,https://boxd.it/zLP0
8/4/2025,Eighth Grade,EighthGrade,2018,4.5,https://boxd.it/hDMG
8/4/2025,The Babadook,TheBabadook,2014,3.5,https://boxd.it/77xu
8/4/2025,Jungle Fever,JungleFever,1991,3,https://boxd.it/28fG
8/8/2025,L.A. Confidential,LAConfidential,1997,3.5,https://boxd.it/27oC
8/8/2025,Rain Man,RainMan,1988,1.5,https://boxd.it/2avw
8/9/2025,The Life of Chuck,TheLifeofChuck,2024,2.5,https://boxd.it/vMTu
8/19/2025,Boyz n the Hood,BoyzntheHood,1991,4,https://boxd.it/29Ug
8/19/2025,One of Them Days,OneofThemDays,2025,3,https://boxd.it/MReU
9/12/2025,KPop Demon Hunters,KPopDemonHunters,2025,3,https://boxd.it/ufwK
9/12/2025,Dangerous Animals,DangerousAnimals,2025,3,https://boxd.it/N3Qc
9/20/2025,April,April,2024,3.5,https://boxd.it/Egx0
9/25/2025,One Battle After Another,OneBattleAfterAnother,2025,4.5,https://boxd.it/DUHM
10/13/2025,Glory,Glory,1989,3,https://boxd.it/1Y6u
10/21/2025,The King of Comedy,TheKingofComedy,1982,4,https://boxd.it/2aJS
10/23/2025,The Remains of the Day,TheRemainsoftheDay,1993,3.5,https://boxd.it/291A
10/25/2025,Jerry Maguire,JerryMaguire,1996,3,https://boxd.it/1YNS
11/1/2025,Mo' Better Blues,MoBetterBlues,1990,3,https://boxd.it/Yrq
11/12/2025,Rashomon,Rashomon,1950,2.5,https://boxd.it/2a9K
11/15/2025,"Quo Vadis, Aida?",QuoVadisAida,2020,3.5,https://boxd.it/riws
11/15/2025,"Jeanne Dielman, 23, quai du Commerce, 1080 Bruxelles",JeanneDielman23quaiduCommerce1080Bruxelles,1975,4,https://boxd.it/T18
11/16/2025,The Running Man,TheRunningMan,2025,3.5,https://boxd.it/u36A
11/16/2025,Amadeus,Amadeus,1984,3,https://boxd.it/2aH8
12/30/2025,Glass Onion,GlassOnion,2022,3.5,https://boxd.it/oCkK
1/2/2026,Sentimental Value,SentimentalValue,2025,3.5,https://boxd.it/GwcG
1/17/2026,Wake Up Dead Man,WakeUpDeadMan,2025,3,https://boxd.it/uAKS
1/19/2026,God's Own Country,GodsOwnCountry,2017,3.5,https://boxd.it/faZM
1/19/2026,Palm Springs,PalmSprings,2020,3,https://boxd.it/lCXQ
1/26/2026,Snowpiercer,Snowpiercer,2013,3,https://boxd.it/3Icg
2/22/2026,Marty Supreme,MartySupreme,2025,3,https://boxd.it/Off0
2/22/2026,Bugonia,Bugonia,2025,4,https://boxd.it/qeWY
3/25/2026,The Conformist,TheConformist,1970,3.5,https://boxd.it/20cE
3/28/2026,My Cousin Vinny,MyCousinVinny,1992,3,https://boxd.it/1WpO
3/28/2026,The Thin Red Line,TheThinRedLine,1998,3.5,https://boxd.it/1ZTM
